uniqueid,osmid_u,osmid_v,length,lanes,speed_mph,u,v
0,53029038,53029041,143.421,1,25,0,1
1,53029038,243670962,250.775,1,25,0,29
2,53029038,258761353,16.537,1,25,0,36
3,53029041,53029038,143.421,1,25,1,0
4,53029041,240448884,12.235,1,25,1,21
5,53029041,243673129,228.38,2,25,1,34
6,53029042,53029043,201.702,1,25,2,3
7,53029042,53113655,90.9,1,25,2,14
8,53029042,240448884,102.037,1,25,2,21
9,53029043,53029042,201.702,1,25,3,2
10,53029043,53113657,91.309,1,25,3,15
11,53030280,53030351,146.089,1,25,4,6
12,53030280,53055566,100.029,2,25,4,8
13,53030280,240448880,12.34,1,25,4,19
14,53030281,53121268,100.324,1,25,5,17
15,53030281,240448880,140.919,1,25,5,19
16,53030281,2908411319,94.392,1,25,5,40
17,53030351,53030280,146.089,1,25,6,4
18,53030351,53055171,100.823,1,25,6,7
19,53030351,240448926,93.713,1,25,6,26
20,53030351,240448938,137.667,1,25,6,28
21,53055171,53030351,100.823,1,25,7,6
22,53055171,53116953,146.336,2,30,7,16
23,53055171,243670962,11.949,1,25,7,29
24,53055566,240448878,12.087,1,25,8,18
25,53055566,240448928,140.964,1,25,8,27
26,53093333,53093336,94.271,1,25,9,10
27,53093333,240448916,9.494,1,25,9,23
28,53093336,53055171,144.94,2,30,10,7
29,53093336,53093333,94.271,1,25,10,9
30,53093336,243673133,10.997,1,25,10,35
31,53098222,1762740909,94.032,1,25,11,38
32,53105539,243673117,11.655,1,25,12,30
33,53105540,53113655,102.707,1,25,13,14
34,53105540,53113657,99.088,1,25,13,15
35,53105540,243673117,113.762,1,25,13,30
36,53113655,53029042,90.9,1,25,14,2
37,53113655,53105540,102.707,1,25,14,13
38,53113655,243673123,123.73,1,25,14,32
39,53113657,53029043,91.309,1,25,15,3
40,53113657,53105540,99.088,1,25,15,13
41,53116953,53030280,100.865,2,25,16,4
42,53116953,240448882,10.057,2,30,16,20
43,53121268,53030281,100.324,1,25,17,5
44,53121268,53105539,64.825,2,30,17,12
45,53121268,243673120,11.053,1,25,17,31
46,240448878,53055566,12.087,1,25,18,8
47,240448878,240448880,100.218,2,25,18,19
48,240448878,1762740918,134.128,1,25,18,39
49,240448880,53030280,12.34,1,25,19,4
50,240448880,53030281,140.919,1,25,19,5
51,240448880,240448882,100.684,2,25,19,20
52,240448882,53121268,141.878,2,30,20,17
53,240448882,243673125,10.546,2,25,20,33
54,240448884,53029041,12.235,1,25,21,1
55,240448884,53029042,102.037,1,25,21,2
56,240448914,240448924,225.924,1,25,22,25
57,240448914,240448938,9.853,1,25,22,28
58,240448916,240448914,10.487,1,25,23,22
59,240448922,240448928,8.934,1,25,24,27
60,240448924,240448914,225.924,1,25,25,22
61,240448924,240448922,9.747,1,25,25,24
62,240448926,53030351,93.713,1,25,26,6
63,240448926,240448924,9.614,1,25,26,25
64,240448928,53055566,140.964,1,25,27,8
65,240448928,240448926,9.058,1,25,27,26
66,240448938,53030351,137.667,1,25,28,6
67,240448938,53093333,9.66,1,25,28,9
68,243670962,53029038,250.775,1,25,29,0
69,243670962,53055171,11.949,1,25,29,7
70,243670962,243673133,145.978,2,30,29,35
71,243673117,53105539,11.655,1,25,30,12
72,243673117,53105540,113.762,1,25,30,13
73,243673117,243673120,65.39,2,30,30,31
74,243673120,53121268,11.053,1,25,31,17
75,243673120,243673123,36.593,2,30,31,32
76,243673123,53113655,123.73,1,25,32,14
77,243673123,243673125,104.514,2,30,32,33
78,243673125,240448884,225.629,2,25,33,21
79,243673125,243673129,10.211,2,30,33,34
80,243673129,53116953,10.151,2,25,34,16
81,243673129,243670962,145.314,2,30,34,29
82,243673133,53093336,10.997,1,25,35,10
83,258761353,53029038,16.537,1,25,36,0
84,1762740900,2908411319,9.368,1,25,37,40
85,1762740909,53098222,94.032,1,25,38,11
86,1762740909,1762740900,9.63,1,25,38,37
87,1762740918,240448878,134.128,1,25,39,18
88,1762740918,1762740909,10.088,1,25,39,38
89,2908411319,53030281,94.392,1,25,40,5
90,2908411319,1762740918,9.74,1,25,40,39
