osmid,x,y,ref,highway,index
53029038,-122.289685,37.8707819,,,0
53029041,-122.2895422,37.8694971,,,1
53029042,-122.2893723,37.8684804,,,2
53029043,-122.2890072,37.8666895,,stop,3
53030280,-122.2933393,37.8689294,,,4
53030281,-122.2929102,37.8675934,,stop,5
53030351,-122.2937572,37.8702011,,stop,6
53055171,-122.2926409,37.8704125,,,7
53055566,-122.2944427,37.8687046,,traffic_signals,8
53093333,-122.294087,37.8714706,,,9
53093336,-122.2930452,37.8716763,,traffic_signals,10
53098222,-122.2951276,37.867149,,stop,11
53105539,-122.2916223,37.8672479,,,12
53105540,-122.2902137,37.867436,,,13
53113655,-122.2903943,37.8683486,,,14
53113657,-122.2900336,37.8665563,,,15
53116953,-122.2922214,37.869139,,traffic_signals,16
53121268,-122.2918018,37.8678134,,traffic_signals,17
240448878,-122.2944111,37.8685988,,traffic_signals,18
240448880,-122.2933049,37.8688218,,,19
240448882,-122.2921955,37.8690509,,traffic_signals,20
240448884,-122.2895389,37.8693871,,,21
240448914,-122.2942258,37.8714412,,,22
240448916,-122.2941697,37.8715127,,,23
240448922,-122.2949236,37.8699678,,,24
240448924,-122.2948756,37.8700364,,,25
240448926,-122.2947924,37.869995,,,26
240448928,-122.2948424,37.8699324,,,27
240448938,-122.294137,37.8714023,,,28
243670962,-122.2925057,37.870425,,,29
243673117,-122.2914923,37.8672692,,,30
243673120,-122.2916799,37.8678383,,traffic_signals,31
243673123,-122.2917823,37.8681573,,,32
243673125,-122.2920773,37.8690679,,traffic_signals,33
243673129,-122.2921079,37.8691565,,traffic_signals,34
243673133,-122.2929224,37.8716959,,traffic_signals,35
258761353,-122.2896992,37.8709302,,,36
1762740900,-122.2940025,37.8673211,,,37
1762740909,-122.2940898,37.8673585,,,38
1762740918,-122.2940384,37.867429,,,39
2908411319,-122.2939533,37.8673872,,,40
