origin,destination
0,34
0,2
0,7
0,35
0,3
0,14
0,6
0,16
0,13
0,32
0,4
0,26
0,28
0,20
0,17
0,33
0,10
0,9
0,15
0,30
0,25
0,22
0,24
0,27
0,8
0,19
0,5
0,23
0,12
0,31
0,18
0,39
0,40
0,38
0,11
0,37
1,3
1,29
1,13
1,32
1,4
1,17
1,33
1,15
1,30
1,6
1,8
1,19
1,5
1,7
1,35
1,12
1,31
1,18
1,27
1,39
1,26
1,28
1,40
1,10
1,9
1,25
1,38
1,22
1,24
1,11
1,37
1,23
2,0
2,34
2,15
2,30
2,33
2,29
2,36
2,12
2,31
2,16
2,4
2,20
2,17
2,5
2,6
2,8
2,19
2,7
2,35
2,40
2,18
2,27
2,39
2,26
2,28
2,38
2,11
2,37
2,10
2,9
2,25
2,22
2,24
2,23
3,14
3,30
3,21
3,32
3,1
3,12
3,31
3,0
3,34
3,17
3,5
3,33
3,29
3,36
3,19
3,40
3,16
3,4
3,20
3,39
3,18
3,38
3,11
3,37
3,6
3,8
3,7
3,35
3,27
3,26
3,28
3,10
3,9
3,25
3,22
3,24
3,23
4,17
4,21
4,29
4,28
4,38
4,22
4,24
4,12
4,31
4,11
4,37
4,0
4,35
4,32
4,9
4,10
4,23
4,14
4,30
4,13
4,1
4,2
4,15
4,3
4,36
5,14
5,33
5,6
5,8
5,13
5,27
5,21
5,34
5,16
5,29
5,2
5,15
5,7
5,26
5,28
5,3
5,25
5,22
5,24
5,0
5,35
5,9
5,10
5,23
5,1
5,36
6,0
6,35
6,5
6,20
6,18
6,17
6,33
6,39
6,21
6,34
6,40
6,1
6,36
6,38
6,12
6,31
6,11
6,37
6,32
6,14
6,30
6,13
6,2
6,15
6,3
7,0
7,17
7,21
7,22
7,8
7,19
7,23
7,5
7,1
7,36
7,12
7,31
7,32
7,14
7,18
7,39
7,30
7,13
7,2
7,40
7,15
7,38
7,3
7,11
7,37
8,5
8,11
8,22
8,17
8,21
8,29
8,7
8,28
8,12
8,31
8,0
8,35
8,32
8,9
8,10
8,23
8,14
8,30
8,13
8,1
8,2
8,15
8,3
8,36
9,4
9,26
9,16
9,29
9,24
9,0
9,27
9,8
9,19
9,5
9,20
9,17
9,33
9,18
9,21
9,34
9,39
9,40
9,1
9,36
9,12
9,31
9,32
9,38
9,11
9,37
9,14
9,30
9,13
9,2
9,15
9,3
10,25
10,16
10,0
10,4
10,26
10,20
10,17
10,33
10,21
10,34
10,24
10,27
10,8
10,19
10,5
10,1
10,36
10,12
10,31
10,32
10,14
10,18
10,39
10,30
10,13
10,2
10,40
10,15
10,38
10,3
10,11
10,37
11,18
11,17
11,19
11,8
11,27
11,12
11,31
11,32
11,4
11,20
11,14
11,33
11,6
11,30
11,13
11,26
11,25
11,22
11,24
11,21
11,34
11,16
11,29
11,2
11,15
11,7
11,28
11,3
11,0
11,35
11,9
11,10
11,23
11,1
11,36
12,19
12,40
12,21
12,3
12,2
12,29
12,4
12,39
12,18
12,38
12,11
12,37
12,6
12,8
12,0
12,7
12,35
12,1
12,27
12,26
12,28
12,10
12,9
12,36
12,25
12,22
12,24
12,23
13,5
13,21
13,33
13,19
13,40
13,1
13,0
13,34
13,16
13,29
13,4
13,20
13,39
13,18
13,38
13,11
13,37
13,6
13,8
13,36
13,7
13,35
13,27
13,26
13,28
13,10
13,9
13,25
13,22
13,24
13,23
14,3
14,0
14,31
14,29
14,4
14,20
14,17
14,5
14,36
14,6
14,8
14,19
14,7
14,35
14,40
14,18
14,27
14,39
14,26
14,28
14,38
14,11
14,37
14,10
14,9
14,25
14,22
14,24
14,23
15,2
15,32
15,31
15,17
15,5
15,21
15,33
15,19
15,40
15,1
15,0
15,34
15,16
15,29
15,4
15,20
15,39
15,18
15,38
15,11
15,37
15,6
15,8
15,36
15,7
15,35
15,27
15,26
15,28
15,10
15,9
15,25
15,22
15,24
15,23
16,5
16,0
16,35
16,14
16,27
16,39
16,13
16,1
16,2
16,26
16,28
16,40
16,10
16,9
16,25
16,15
16,38
16,3
16,22
16,24
16,11
16,37
16,23
16,36
17,21
17,29
17,2
17,4
17,15
17,18
17,11
17,6
17,8
17,3
17,0
17,7
17,35
17,27
17,1
17,26
17,28
17,10
17,9
17,25
17,22
17,24
17,36
17,23
18,6
18,22
18,17
18,21
18,29
18,7
18,28
18,12
18,31
18,32
18,0
18,35
18,14
18,9
18,10
18,23
18,30
18,13
18,1
18,2
18,15
18,3
18,36
19,21
19,27
19,29
19,7
19,26
19,28
19,12
19,31
19,38
19,25
19,32
19,11
19,37
19,22
19,24
19,0
19,35
19,14
19,9
19,10
19,23
19,30
19,13
19,1
19,2
19,15
19,3
19,36
20,6
20,0
20,35
20,14
20,13
20,27
20,2
20,40
20,39
20,26
20,28
20,10
20,9
20,15
20,3
20,38
20,11
20,37
20,25
20,22
20,24
20,36
20,23
21,3
21,29
21,13
21,32
21,16
21,4
21,20
21,17
21,33
21,15
21,30
21,6
21,8
21,19
21,5
21,7
21,35
21,12
21,31
21,18
21,27
21,39
21,26
21,28
21,40
21,10
21,9
21,25
21,38
21,22
21,24
21,11
21,37
21,23
22,4
22,8
22,16
22,29
22,0
22,19
22,5
22,20
22,18
22,39
22,17
22,33
22,21
22,34
22,40
22,1
22,36
22,38
22,11
22,37
22,12
22,31
22,32
22,14
22,30
22,13
22,2
22,15
22,3
23,7
23,4
23,26
23,27
23,8
23,16
23,29
23,0
23,19
23,5
23,20
23,18
23,39
23,17
23,33
23,21
23,34
23,40
23,1
23,36
23,38
23,11
23,37
23,12
23,31
23,32
23,14
23,30
23,13
23,2
23,15
23,3
24,22
24,4
24,19
24,39
24,16
24,0
24,35
24,9
24,10
24,23
24,5
24,20
24,38
24,11
24,37
24,40
24,17
24,33
24,21
24,34
24,1
24,36
24,12
24,31
24,32
24,14
24,30
24,13
24,2
24,15
24,3
25,4
25,19
25,39
25,16
25,0
25,35
25,10
25,23
25,5
25,20
25,38
25,11
25,37
25,40
25,17
25,33
25,21
25,34
25,1
25,36
25,12
25,31
25,32
25,14
25,30
25,13
25,2
25,15
25,3
26,19
26,39
26,16
26,0
26,35
26,10
26,23
26,5
26,20
26,38
26,11
26,37
26,40
26,17
26,33
26,21
26,34
26,1
26,36
26,12
26,31
26,32
26,14
26,30
26,13
26,2
26,15
26,3
27,19
27,39
27,16
27,0
27,35
27,9
27,10
27,23
27,5
27,20
27,38
27,11
27,37
27,40
27,17
27,33
27,21
27,34
27,1
27,36
27,12
27,31
27,32
27,14
27,30
27,13
27,2
27,15
27,3
28,4
28,16
28,29
28,24
28,0
28,27
28,8
28,19
28,5
28,20
28,18
28,17
28,33
28,39
28,21
28,34
28,40
28,1
28,36
28,38
28,12
28,31
28,11
28,37
28,32
28,14
28,30
28,13
28,2
28,15
28,3
29,4
29,28
29,9
29,17
29,21
29,22
29,8
29,1
29,36
29,23
29,19
29,5
29,12
29,31
29,32
29,14
29,18
29,39
29,30
29,13
29,2
29,40
29,15
29,38
29,3
29,11
29,37
30,19
30,40
30,21
30,3
30,2
30,29
30,4
30,39
30,18
30,38
30,11
30,37
30,6
30,8
30,0
30,7
30,35
30,1
30,27
30,26
30,28
30,10
30,9
30,36
30,25
30,22
30,24
30,23
31,19
31,21
31,29
31,2
31,4
31,15
31,18
31,11
31,3
31,6
31,8
31,0
31,7
31,35
31,1
31,27
31,26
31,28
31,10
31,9
31,25
31,36
31,22
31,24
31,23
32,21
32,29
32,17
32,3
32,6
32,8
32,15
32,30
32,5
32,0
32,7
32,35
32,12
32,31
32,1
32,18
32,27
32,39
32,26
32,28
32,40
32,10
32,9
32,25
32,38
32,36
32,22
32,24
32,11
32,37
32,23
33,6
33,5
33,0
33,35
33,14
33,27
33,2
33,39
33,13
33,26
33,28
33,40
33,10
33,9
33,3
33,25
33,15
33,38
33,22
33,24
33,11
33,37
33,36
33,23
34,21
34,6
34,5
34,0
34,35
34,14
34,27
34,39
34,13
34,1
34,2
34,26
34,28
34,40
34,10
34,9
34,25
34,15
34,38
34,3
34,22
34,24
34,11
34,37
34,36
34,23
35,25
35,6
35,16
35,0
35,4
35,26
35,20
35,17
35,33
35,21
35,34
35,24
35,27
35,8
35,19
35,5
35,1
35,36
35,12
35,31
35,32
35,14
35,18
35,39
35,30
35,13
35,2
35,40
35,15
35,38
35,3
35,11
35,37
36,29
36,34
36,2
36,7
36,35
36,3
36,14
36,6
36,16
36,13
36,32
36,4
36,26
36,28
36,20
36,17
36,33
36,10
36,9
36,15
36,30
36,25
36,22
36,24
36,27
36,8
36,19
36,5
36,23
36,12
36,31
36,18
36,39
36,40
36,38
36,11
36,37
37,27
37,12
37,32
37,4
37,20
37,14
37,33
37,6
37,30
37,13
37,26
37,25
37,22
37,24
37,21
37,34
37,16
37,29
37,2
37,15
37,7
37,28
37,3
37,0
37,35
37,9
37,10
37,23
37,1
37,36
38,19
38,27
38,12
38,32
38,4
38,20
38,14
38,33
38,6
38,30
38,13
38,26
38,25
38,22
38,24
38,21
38,34
38,16
38,29
38,2
38,15
38,7
38,28
38,3
38,0
38,35
38,9
38,10
38,23
38,1
38,36
39,27
39,12
39,20
39,32
39,6
39,14
39,33
39,26
39,30
39,25
39,13
39,22
39,24
39,21
39,34
39,16
39,29
39,7
39,28
39,2
39,15
39,3
39,0
39,35
39,9
39,10
39,23
39,1
39,36
40,27
40,12
40,20
40,14
40,33
40,6
40,30
40,13
40,26
40,25
40,22
40,24
40,21
40,34
40,16
40,29
40,2
40,15
40,7
40,28
40,3
40,0
40,35
40,9
40,10
40,23
40,1
40,36
